{"stats":{"minecraft:mined":{"minecraft:dandelion":1,"minecraft:crafting_table":6,"minecraft:grass_block":9,"minecraft:tall_grass":4,"minecraft:cobblestone":27,"minecraft:wall_torch":1,"minecraft:large_fern":1,"minecraft:birch_planks":16,"minecraft:furnace":2,"minecraft:iron_ore":14,"minecraft:fire":1,"minecraft:lilac":1,"minecraft:birch_leaves":6,"treechop:chopped_log":4,"minecraft:grass":28,"minecraft:coal_ore":26,"minecraft:dirt":38,"minecraft:stone":164,"minecraft:oak_leaves":19,"minecraft:fern":3},"minecraft:killed_by":{"minecraft:player":2,"tenebrous_lands:abaddon":1,"minecraft:skeleton":1,"minecraft:creeper":1,"endofherobrine:pigman":1,"sanitydim:rotting_stalker":1,"midnightlurker:midnight_lurker_unprovoked":1},"minecraft:used":{"minecraft:stone_sword":66,"minecraft:birch_planks":56,"minecraft:stone_pickaxe":150,"minecraft:stone_shovel":44,"minecraft:wooden_pickaxe":12,"minecraft:chest":1,"minecraft:shield":4,"minecraft:iron_sword":12,"minecraft:rotten_flesh":2,"minecraft:torch":4,"minecraft:dirt":45,"minecraft:crafting_table":8,"minecraft:birch_door":1,"minecraft:wooden_axe":11,"minecraft:apple":1,"minecraft:bread":9,"minecraft:iron_pickaxe":76,"minecraft:iron_helmet":1,"minecraft:stone_axe":47,"minecraft:wooden_sword":3,"minecraft:cobblestone":124,"minecraft:furnace":4},"minecraft:dropped":{"minecraft:rotten_flesh":1,"graveyard:corruption":1,"minecraft:iron_pickaxe":1},"minecraft:crafted":{"minecraft:oak_planks":24,"minecraft:stone_shovel":1,"minecraft:crafting_table":1,"minecraft:wooden_pickaxe":1,"minecraft:iron_helmet":1,"minecraft:iron_sword":1,"minecraft:furnace":4,"minecraft:stone":4,"minecraft:birch_planks":96,"minecraft:stone_axe":1,"minecraft:air":0,"minecraft:iron_boots":1,"minecraft:stick":20,"minecraft:iron_ingot":14,"minecraft:iron_pickaxe":1,"minecraft:stone_pickaxe":2,"minecraft:wooden_axe":1,"minecraft:stone_sword":1,"minecraft:chest":1,"minecraft:birch_door":3,"minecraft:torch":4},"minecraft:broken":{"minecraft:stone_pickaxe":1},"minecraft:custom":{"minecraft:interact_with_furnace":18,"minecraft:mob_kills":7,"minecraft:interact_with_crafting_table":29,"minecraft:damage_dealt_resisted":120,"minecraft:leave_game":11,"minecraft:time_since_death":15345,"minecraft:climb_one_cm":64,"minecraft:time_since_rest":15380,"minecraft:sprint_one_cm":130552,"minecraft:damage_taken":4981,"minecraft:walk_one_cm":192455,"minecraft:damage_blocked_by_shield":13,"minecraft:drop":3,"minecraft:damage_dealt":1521,"minecraft:fly_one_cm":262333,"minecraft:open_chest":8,"minecraft:crouch_one_cm":30231,"minecraft:play_time":107052,"minecraft:deaths":9,"minecraft:sneak_time":13097,"minecraft:jump":1913,"minecraft:walk_on_water_one_cm":1064,"minecraft:total_world_time":107052,"minecraft:fall_one_cm":69415},"minecraft:picked_up":{"minecraft:wooden_axe":1,"minecraft:birch_log":24,"minecraft:birch_door":1,"minecraft:crafting_table":8,"minecraft:lilac":1,"born_in_chaos_v1:monster_flesh":1,"minecraft:birch_planks":16,"butchersdelight:deadpig":4,"minecraft:oak_log":8,"minecraft:dirt":45,"born_in_chaos_v1:monster_skin":1,"minecraft:bone":2,"minecraft:apple":1,"graveyard:corruption":1,"minecraft:wheat_seeds":3,"minecraft:iron_pickaxe":1,"minecraft:birch_sapling":9,"minecraft:furnace":1,"minecraft:stick":3,"minecraft:raw_iron":14,"minecraft:stone":6,"minecraft:arrow":1,"minecraft:rotten_flesh":4,"supplementaries:ash":1,"minecraft:oak_sapling":4,"minecraft:coal":26,"minecraft:cobblestone":193},"minecraft:killed":{"minecraft:pig":1,"born_in_chaos_v1:maggot":2,"minecraft:zombie":4,"born_in_chaos_v1:dread_hound":2,"born_in_chaos_v1:door_knight":2}},"DataVersion":3120}