{"stats":{"minecraft:mined":{"minecraft:powder_snow":6,"minecraft:crafting_table":5,"minecraft:grass_block":2,"minecraft:rose_bush":1,"minecraft:tall_grass":8,"minecraft:cobblestone":19,"minecraft:wall_torch":1,"minecraft:hay_block":6,"minecraft:birch_planks":4,"minecraft:furnace":1,"minecraft:iron_ore":32,"minecraft:lilac":6,"minecraft:birch_leaves":3,"minecraft:birch_door":1,"treechop:chopped_log":2,"minecraft:grass":31,"minecraft:coal_ore":34,"minecraft:gravel":1,"minecraft:dirt":12,"minecraft:gray_carpet":6,"minecraft:stone_bricks":1,"minecraft:stone":76,"minecraft:fern":2,"minecraft:emerald_block":1},"minecraft:killed_by":{"sanitydim:sneaking_terror":1,"midnightlurker:midnight_lurker_backturned":1,"apollyon:the_damned":1,"tenebrous_lands:abaddon":2,"minecraft:pig":1,"sanitydim:rotting_stalker":1,"born_in_chaos_v1:dread_hound":1},"minecraft:used":{"minecraft:stone_sword":83,"minecraft:birch_planks":2,"minecraft:stone_pickaxe":130,"minecraft:wooden_pickaxe":18,"minecraft:shield":11,"minecraft:iron_chestplate":1,"minecraft:torch":16,"minecraft:dirt":5,"minecraft:crafting_table":6,"minecraft:wooden_axe":21,"minecraft:lava_bucket":2,"minecraft:bread":17,"minecraft:grass_block":9,"minecraft:birch_sapling":4,"minecraft:iron_pickaxe":40,"minecraft:iron_helmet":1,"minecraft:stone_bricks":1,"minecraft:wooden_sword":52,"minecraft:birch_trapdoor":1,"minecraft:cobblestone":52,"minecraft:furnace":1,"minecraft:iron_leggings":1},"minecraft:dropped":{"minecraft:iron_sword":1,"minecraft:stone_axe":1,"minecraft:birch_planks":54,"minecraft:wheat_seeds":2,"minecraft:lilac":1,"minecraft:oak_log":6,"minecraft:stone_sword":1,"minecraft:crafting_table":1,"minecraft:birch_sapling":9,"minecraft:stone_shovel":1,"minecraft:rotten_flesh":1,"minecraft:cobblestone":25,"minecraft:iron_helmet":1,"minecraft:iron_boots":1,"minecraft:apple":1,"minecraft:stick":4,"minecraft:lava_bucket":1,"born_in_chaos_v1:monster_flesh":1,"minecraft:dirt":9,"minecraft:stone":10,"minecraft:shield":1,"born_in_chaos_v1:monster_skin":1,"minecraft:wooden_axe":3,"minecraft:leather_boots":1,"minecraft:oak_sapling":4,"minecraft:birch_door":3,"minecraft:wooden_sword":1,"minecraft:arrow":1,"minecraft:stone_pickaxe":1,"minecraft:wooden_pickaxe":1,"minecraft:iron_pickaxe":1,"minecraft:bone":1},"minecraft:crafted":{"minecraft:emerald":9,"minecraft:crafting_table":3,"minecraft:wooden_pickaxe":1,"minecraft:iron_helmet":1,"minecraft:furnace":1,"minecraft:birch_planks":32,"minecraft:bread":18,"minecraft:air":0,"minecraft:iron_boots":1,"minecraft:iron_chestplate":1,"minecraft:stick":12,"minecraft:iron_ingot":32,"minecraft:wooden_axe":1,"minecraft:iron_pickaxe":1,"minecraft:stone_pickaxe":1,"minecraft:birch_trapdoor":2,"minecraft:stone_sword":1,"minecraft:iron_leggings":1,"minecraft:torch":16,"minecraft:wheat":54},"minecraft:broken":{"minecraft:stone_pickaxe":1},"minecraft:custom":{"minecraft:interact_with_furnace":25,"minecraft:mob_kills":13,"minecraft:interact_with_crafting_table":21,"minecraft:damage_dealt_resisted":909,"minecraft:leave_game":22,"minecraft:time_since_death":19866,"minecraft:climb_one_cm":1592,"minecraft:time_since_rest":19905,"minecraft:damage_taken":5268,"minecraft:sprint_one_cm":326788,"minecraft:walk_one_cm":207947,"minecraft:damage_blocked_by_shield":1040,"minecraft:drop":35,"minecraft:damage_dealt":2318,"minecraft:player_kills":2,"minecraft:fly_one_cm":633163,"minecraft:open_chest":5,"minecraft:play_time":115610,"minecraft:crouch_one_cm":10338,"minecraft:sneak_time":4515,"minecraft:deaths":11,"minecraft:interact_with_brewingstand":1,"minecraft:jump":2520,"minecraft:walk_on_water_one_cm":404,"minecraft:total_world_time":115610,"minecraft:fall_one_cm":88130},"minecraft:picked_up":{"minecraft:wooden_axe":2,"minecraft:birch_log":14,"born_in_chaos_v1:corpse_maggot":4,"minecraft:crafting_table":4,"minecraft:birch_door":3,"minecraft:lilac":1,"born_in_chaos_v1:monster_flesh":2,"minecraft:wooden_pickaxe":1,"minecraft:birch_planks":57,"minecraft:oak_log":6,"minecraft:shield":1,"minecraft:dirt":25,"minecraft:string":1,"minecraft:wooden_sword":1,"born_in_chaos_v1:monster_skin":1,"born_in_chaos_v1:intoxicating_decoction":2,"minecraft:leather_boots":1,"minecraft:bone":8,"minecraft:gray_carpet":6,"minecraft:apple":1,"minecraft:stone_bricks":1,"graveyard:corruption":1,"minecraft:wheat_seeds":4,"minecraft:iron_ingot":1,"minecraft:stone_pickaxe":1,"minecraft:iron_pickaxe":1,"minecraft:birch_sapling":16,"minecraft:iron_sword":1,"minecraft:iron_boots":1,"minecraft:furnace":2,"minecraft:raw_iron":32,"minecraft:stick":6,"minecraft:stone":10,"minecraft:emerald_block":1,"minecraft:torch":2,"minecraft:acacia_log":1,"minecraft:gravel":1,"minecraft:spider_eye":1,"minecraft:stone_sword":1,"minecraft:arrow":2,"minecraft:stone_shovel":1,"minecraft:rotten_flesh":12,"born_in_chaos_v1:fire_dust":1,"minecraft:stone_axe":1,"minecraft:iron_helmet":1,"minecraft:hay_block":6,"minecraft:oak_sapling":4,"minecraft:coal":54,"minecraft:cobblestone":111},"minecraft:killed":{"born_in_chaos_v1:zombie_lumberjack":2,"born_in_chaos_v1:zombie_clown_not_despawn":2,"graveyard:revenant":2,"minecraft:spider":2,"born_in_chaos_v1:maggot":8,"minecraft:skeleton":4,"minecraft:zombie":2,"born_in_chaos_v1:dread_hound":2}},"DataVersion":3120}